﻿<?xml version="1.0" encoding="utf-8"?>
<deployment>
  <id>00c9c262-5fed-4fb0-88d7-36d91b7e3d39</id>
  <author>N/A</author>
  <deployer>Push-Deployer</deployer>
  <authorEmail>N/A</authorEmail>
  <message>Created via a push deployment</message>
  <progress></progress>
  <status>Success</status>
  <statusText></statusText>
  <lastSuccessEndTime>2025-05-05T19:17:26.3209072Z</lastSuccessEndTime>
  <receivedTime>2025-05-05T19:17:04.4115236Z</receivedTime>
  <startTime>2025-05-05T19:17:05.958156Z</startTime>
  <endTime>2025-05-05T19:17:26.3209072Z</endTime>
  <complete>True</complete>
  <is_temp>False</is_temp>
  <is_readonly>True</is_readonly>
  <buildSummary />
</deployment>